DATE,PATIENT,ENCOUNTER,CODE,DESCRIPTION,BASE_COST
2019-08-10T05:07:38Z,b9c610cd-28a6-4636-ccb6-c7a0d2a4cb85,8f70c85f-24ff-685a-b82f-b1c65b5a3fca,08,Hep B  adolescent or pediatric,136.00
2019-09-14T05:07:38Z,b9c610cd-28a6-4636-ccb6-c7a0d2a4cb85,237866d3-fbe7-dd4b-d66a-80a119611de1,08,Hep B  adolescent or pediatric,136.00
2019-11-16T05:07:38Z,b9c610cd-28a6-4636-ccb6-c7a0d2a4cb85,a767337f-d67a-3f34-a542-9d58c3cc4470,49,Hib (PRP-OMP),136.00
2019-11-16T05:07:38Z,b9c610cd-28a6-4636-ccb6-c7a0d2a4cb85,a767337f-d67a-3f34-a542-9d58c3cc4470,119,rotavirus  monovalent,136.00
2019-11-16T05:07:38Z,b9c610cd-28a6-4636-ccb6-c7a0d2a4cb85,a767337f-d67a-3f34-a542-9d58c3cc4470,10,IPV,136.00
2019-11-16T05:07:38Z,b9c610cd-28a6-4636-ccb6-c7a0d2a4cb85,a767337f-d67a-3f34-a542-9d58c3cc4470,20,DTaP,136.00
2019-11-16T05:07:38Z,b9c610cd-28a6-4636-ccb6-c7a0d2a4cb85,a767337f-d67a-3f34-a542-9d58c3cc4470,133,Pneumococcal conjugate PCV 13,136.00
2020-01-18T05:07:38Z,b9c610cd-28a6-4636-ccb6-c7a0d2a4cb85,f9291caa-f73a-acfc-2c3c-35b41118f92b,49,Hib (PRP-OMP),136.00
2020-01-18T05:07:38Z,b9c610cd-28a6-4636-ccb6-c7a0d2a4cb85,f9291caa-f73a-acfc-2c3c-35b41118f92b,119,rotavirus  monovalent,136.00
2020-01-18T05:07:38Z,b9c610cd-28a6-4636-ccb6-c7a0d2a4cb85,f9291caa-f73a-acfc-2c3c-35b41118f92b,10,IPV,136.00
2020-01-18T05:07:38Z,b9c610cd-28a6-4636-ccb6-c7a0d2a4cb85,f9291caa-f73a-acfc-2c3c-35b41118f92b,20,DTaP,136.00
2020-01-18T05:07:38Z,b9c610cd-28a6-4636-ccb6-c7a0d2a4cb85,f9291caa-f73a-acfc-2c3c-35b41118f92b,133,Pneumococcal conjugate PCV 13,136.00
2020-04-18T05:07:38Z,b9c610cd-28a6-4636-ccb6-c7a0d2a4cb85,28eb96d9-cc11-317d-7b7d-6e92df0275ac,10,IPV,136.00
2020-04-18T05:07:38Z,b9c610cd-28a6-4636-ccb6-c7a0d2a4cb85,28eb96d9-cc11-317d-7b7d-6e92df0275ac,140,Influenza  seasonal  injectable  preservative free,136.00
2020-04-18T05:07:38Z,b9c610cd-28a6-4636-ccb6-c7a0d2a4cb85,28eb96d9-cc11-317d-7b7d-6e92df0275ac,20,DTaP,136.00
2020-04-18T05:07:38Z,b9c610cd-28a6-4636-ccb6-c7a0d2a4cb85,28eb96d9-cc11-317d-7b7d-6e92df0275ac,133,Pneumococcal conjugate PCV 13,136.00
2020-04-18T05:07:38Z,b9c610cd-28a6-4636-ccb6-c7a0d2a4cb85,28eb96d9-cc11-317d-7b7d-6e92df0275ac,08,Hep B  adolescent or pediatric,136.00
2012-12-16T08:20:52Z,c1f1fcaa-82fd-d5b7-3544-c8f9708b06a8,0cefed7e-f142-17f6-291e-6eacc99cb547,140,Influenza  seasonal  injectable  preservative free,136.00
2012-12-02T05:03:31Z,339144f8-50e1-633e-a013-f361391c4cff,ef20b762-c5f9-2555-8cc6-91a82046f4e5,140,Influenza  seasonal  injectable  preservative free,136.00
2020-10-17T05:07:38Z,b9c610cd-28a6-4636-ccb6-c7a0d2a4cb85,15d651e8-faa2-bee0-69fc-be43988099b9,49,Hib (PRP-OMP),136.00
2020-10-17T05:07:38Z,b9c610cd-28a6-4636-ccb6-c7a0d2a4cb85,15d651e8-faa2-bee0-69fc-be43988099b9,21,varicella,136.00
2020-10-17T05:07:38Z,b9c610cd-28a6-4636-ccb6-c7a0d2a4cb85,15d651e8-faa2-bee0-69fc-be43988099b9,03,MMR,136.00
2020-10-17T05:07:38Z,b9c610cd-28a6-4636-ccb6-c7a0d2a4cb85,15d651e8-faa2-bee0-69fc-be43988099b9,133,Pneumococcal conjugate PCV 13,136.00
2020-10-17T05:07:38Z,b9c610cd-28a6-4636-ccb6-c7a0d2a4cb85,15d651e8-faa2-bee0-69fc-be43988099b9,83,Hep A  ped/adol  2 dose,136.00
2013-12-22T08:20:52Z,c1f1fcaa-82fd-d5b7-3544-c8f9708b06a8,9f5eb38a-1e6c-3486-e609-446b02b468d4,140,Influenza  seasonal  injectable  preservative free,136.00
2021-01-16T05:07:38Z,b9c610cd-28a6-4636-ccb6-c7a0d2a4cb85,765120c4-6351-c527-f627-4a0637fb5186,20,DTaP,136.00
2013-12-08T05:03:31Z,339144f8-50e1-633e-a013-f361391c4cff,3474a001-61ae-af66-fa76-32732bd4af41,140,Influenza  seasonal  injectable  preservative free,136.00
2021-07-17T05:07:38Z,b9c610cd-28a6-4636-ccb6-c7a0d2a4cb85,7f6dd104-a5b2-1093-5fe7-1df136814d67,140,Influenza  seasonal  injectable  preservative free,136.00
2014-12-28T08:20:52Z,c1f1fcaa-82fd-d5b7-3544-c8f9708b06a8,cacd98bf-502a-b27d-f009-3b3643542182,140,Influenza  seasonal  injectable  preservative free,136.00
2014-12-14T05:03:31Z,339144f8-50e1-633e-a013-f361391c4cff,d7440468-1bc7-3ccc-7e58-d2d86e308e14,140,Influenza  seasonal  injectable  preservative free,136.00
2014-12-14T05:03:31Z,339144f8-50e1-633e-a013-f361391c4cff,d7440468-1bc7-3ccc-7e58-d2d86e308e14,114,meningococcal MCV4P,136.00
2022-01-15T05:07:38Z,b9c610cd-28a6-4636-ccb6-c7a0d2a4cb85,98ea8b2c-8935-bf70-7254-e35a53416fd6,83,Hep A  ped/adol  2 dose,136.00
2016-01-03T08:20:52Z,c1f1fcaa-82fd-d5b7-3544-c8f9708b06a8,be84c883-dc8c-3cce-787b-347592c1bcc5,140,Influenza  seasonal  injectable  preservative free,136.00
2017-01-08T08:20:52Z,c1f1fcaa-82fd-d5b7-3544-c8f9708b06a8,1d7800ef-7b42-e3e6-f73b-a4199dc93dd8,115,Tdap,136.00
2017-01-08T08:20:52Z,c1f1fcaa-82fd-d5b7-3544-c8f9708b06a8,1d7800ef-7b42-e3e6-f73b-a4199dc93dd8,140,Influenza  seasonal  injectable  preservative free,136.00
2017-01-08T08:20:52Z,c1f1fcaa-82fd-d5b7-3544-c8f9708b06a8,1d7800ef-7b42-e3e6-f73b-a4199dc93dd8,62,HPV  quadrivalent,136.00
2017-01-08T08:20:52Z,c1f1fcaa-82fd-d5b7-3544-c8f9708b06a8,1d7800ef-7b42-e3e6-f73b-a4199dc93dd8,114,meningococcal MCV4P,136.00
2018-01-14T08:20:52Z,c1f1fcaa-82fd-d5b7-3544-c8f9708b06a8,97b2c67d-dc2e-e17b-0669-eb89149f46c9,140,Influenza  seasonal  injectable  preservative free,136.00
2018-01-14T08:20:52Z,c1f1fcaa-82fd-d5b7-3544-c8f9708b06a8,97b2c67d-dc2e-e17b-0669-eb89149f46c9,62,HPV  quadrivalent,136.00
2019-01-20T08:20:52Z,c1f1fcaa-82fd-d5b7-3544-c8f9708b06a8,2c0d7d7e-f971-ef4c-62f8-45f8151c6882,140,Influenza  seasonal  injectable  preservative free,136.00
2019-01-20T08:20:52Z,c1f1fcaa-82fd-d5b7-3544-c8f9708b06a8,2c0d7d7e-f971-ef4c-62f8-45f8151c6882,62,HPV  quadrivalent,136.00
2020-01-26T08:20:52Z,c1f1fcaa-82fd-d5b7-3544-c8f9708b06a8,f51b6177-7c0a-7fef-6697-854ca54aa4ad,140,Influenza  seasonal  injectable  preservative free,136.00
2015-12-20T05:03:31Z,339144f8-50e1-633e-a013-f361391c4cff,f4c552b6-3774-859c-f20a-c8ac9d5c2bd9,140,Influenza  seasonal  injectable  preservative free,136.00
2013-08-09T17:01:14Z,23d16ee3-8cd4-eeb8-e77e-1e5fbf4c4159,0d224f29-635f-d2dd-81db-4fbe2216a688,140,Influenza  seasonal  injectable  preservative free,136.00
2013-08-09T17:01:14Z,23d16ee3-8cd4-eeb8-e77e-1e5fbf4c4159,0d224f29-635f-d2dd-81db-4fbe2216a688,113,Td (adult) preservative free,136.00
2013-08-09T17:01:14Z,23d16ee3-8cd4-eeb8-e77e-1e5fbf4c4159,0d224f29-635f-d2dd-81db-4fbe2216a688,43,Hep B  adult,136.00
2013-08-09T17:01:14Z,23d16ee3-8cd4-eeb8-e77e-1e5fbf4c4159,0d224f29-635f-d2dd-81db-4fbe2216a688,114,meningococcal MCV4P,136.00
2016-12-25T05:03:31Z,339144f8-50e1-633e-a013-f361391c4cff,21a5862d-673e-613d-83b9-21b47a83ee3d,140,Influenza  seasonal  injectable  preservative free,136.00
2016-08-12T17:01:14Z,23d16ee3-8cd4-eeb8-e77e-1e5fbf4c4159,1dcf821c-2ef2-3653-62de-c042dda3bf95,140,Influenza  seasonal  injectable  preservative free,136.00
2019-06-07T17:01:14Z,23d16ee3-8cd4-eeb8-e77e-1e5fbf4c4159,c17486ae-b1b2-873b-1f30-3964260abf5d,140,Influenza  seasonal  injectable  preservative free,136.00
2017-12-31T05:03:31Z,339144f8-50e1-633e-a013-f361391c4cff,0541c3c5-ba57-5843-6a4d-bf6d80db6e42,140,Influenza  seasonal  injectable  preservative free,136.00
2021-01-03T05:03:31Z,339144f8-50e1-633e-a013-f361391c4cff,4bf793e9-d558-35d5-9e6c-b738bf7af233,140,Influenza  seasonal  injectable  preservative free,136.00
2021-01-03T05:03:31Z,339144f8-50e1-633e-a013-f361391c4cff,4bf793e9-d558-35d5-9e6c-b738bf7af233,113,Td (adult) preservative free,136.00
2021-01-03T05:03:31Z,339144f8-50e1-633e-a013-f361391c4cff,4bf793e9-d558-35d5-9e6c-b738bf7af233,43,Hep B  adult,136.00
2021-01-03T05:03:31Z,339144f8-50e1-633e-a013-f361391c4cff,4bf793e9-d558-35d5-9e6c-b738bf7af233,114,meningococcal MCV4P,136.00
2019-08-16T17:01:14Z,23d16ee3-8cd4-eeb8-e77e-1e5fbf4c4159,a3ae1f31-dc06-c666-7b0d-402a956df2c4,140,Influenza  seasonal  injectable  preservative free,136.00
2021-10-15T17:01:14Z,23d16ee3-8cd4-eeb8-e77e-1e5fbf4c4159,26d05fa1-d2be-10af-2bc1-f9df361bfbea,207,SARS-COV-2 (COVID-19) vaccine  mRNA  spike protein  LNP  preservative free  100 mcg/0.5mL dose,136.00
2021-11-12T17:01:14Z,23d16ee3-8cd4-eeb8-e77e-1e5fbf4c4159,4fe7affa-ba18-a4db-8a6a-532e32bd138e,207,SARS-COV-2 (COVID-19) vaccine  mRNA  spike protein  LNP  preservative free  100 mcg/0.5mL dose,136.00
2012-08-08T14:57:05Z,217f95a3-4e10-bd5d-fb67-0cfb5e8ba075,97380c3e-d668-d56f-0940-f33edd759a88,140,Influenza  seasonal  injectable  preservative free,136.00
2013-08-14T14:57:05Z,217f95a3-4e10-bd5d-fb67-0cfb5e8ba075,a67159ab-2d5b-68de-e4fe-2b0ddf52bea6,140,Influenza  seasonal  injectable  preservative free,136.00
2016-08-17T14:57:05Z,217f95a3-4e10-bd5d-fb67-0cfb5e8ba075,c22a4bcd-ddf2-c25e-a092-083bad9dc54e,140,Influenza  seasonal  injectable  preservative free,136.00
2016-08-17T14:57:05Z,217f95a3-4e10-bd5d-fb67-0cfb5e8ba075,c22a4bcd-ddf2-c25e-a092-083bad9dc54e,113,Td (adult) preservative free,136.00
2016-08-17T14:57:05Z,217f95a3-4e10-bd5d-fb67-0cfb5e8ba075,c22a4bcd-ddf2-c25e-a092-083bad9dc54e,43,Hep B  adult,136.00
2016-08-17T14:57:05Z,217f95a3-4e10-bd5d-fb67-0cfb5e8ba075,c22a4bcd-ddf2-c25e-a092-083bad9dc54e,114,meningococcal MCV4P,136.00
2021-01-31T08:20:52Z,c1f1fcaa-82fd-d5b7-3544-c8f9708b06a8,b86e3dc1-9317-7c3a-a5fd-c68666f253cb,140,Influenza  seasonal  injectable  preservative free,136.00
2022-02-06T08:20:52Z,c1f1fcaa-82fd-d5b7-3544-c8f9708b06a8,e18546f5-20a3-85ba-db79-6e28f6333453,140,Influenza  seasonal  injectable  preservative free,136.00
2022-02-06T08:20:52Z,c1f1fcaa-82fd-d5b7-3544-c8f9708b06a8,e18546f5-20a3-85ba-db79-6e28f6333453,114,meningococcal MCV4P,136.00
2019-08-21T14:57:05Z,217f95a3-4e10-bd5d-fb67-0cfb5e8ba075,b322b513-e848-eb24-f814-b39e54d196cf,140,Influenza  seasonal  injectable  preservative free,136.00
2019-11-27T14:57:05Z,217f95a3-4e10-bd5d-fb67-0cfb5e8ba075,ecbb4e72-e41d-4f4a-0fcb-872b376cfa20,140,Influenza  seasonal  injectable  preservative free,136.00
2022-01-26T14:57:05Z,217f95a3-4e10-bd5d-fb67-0cfb5e8ba075,cfcbb19a-4049-5a4f-e61b-2a59706d0e2e,208,SARS-COV-2 (COVID-19) vaccine  mRNA  spike protein  LNP  preservative free  30 mcg/0.3mL dose,136.00
2022-02-16T14:57:05Z,217f95a3-4e10-bd5d-fb67-0cfb5e8ba075,96b77be8-46f4-e183-73cd-69bfbaeeb2fc,208,SARS-COV-2 (COVID-19) vaccine  mRNA  spike protein  LNP  preservative free  30 mcg/0.3mL dose,136.00
2014-02-04T19:44:25Z,aade3c61-92bd-d079-9d28-0b2b7fde0fbb,2ea14917-5408-40c3-7b35-26b712d76a50,140,Influenza  seasonal  injectable  preservative free,136.00
2017-02-07T19:44:25Z,aade3c61-92bd-d079-9d28-0b2b7fde0fbb,f2219928-f07e-a0a9-1d99-abd2aba40a87,140,Influenza  seasonal  injectable  preservative free,136.00
2017-02-07T19:44:25Z,aade3c61-92bd-d079-9d28-0b2b7fde0fbb,f2219928-f07e-a0a9-1d99-abd2aba40a87,113,Td (adult) preservative free,136.00
2020-02-11T19:44:25Z,aade3c61-92bd-d079-9d28-0b2b7fde0fbb,77175e07-278d-e41e-0a91-99e9793b3aa1,140,Influenza  seasonal  injectable  preservative free,136.00
2021-03-23T19:44:25Z,aade3c61-92bd-d079-9d28-0b2b7fde0fbb,7850f6cc-f66f-3848-3d96-3c664d64bc94,208,SARS-COV-2 (COVID-19) vaccine  mRNA  spike protein  LNP  preservative free  30 mcg/0.3mL dose,136.00
2021-04-13T19:44:25Z,aade3c61-92bd-d079-9d28-0b2b7fde0fbb,8559affd-9821-c440-3f5d-14d86d08faf9,208,SARS-COV-2 (COVID-19) vaccine  mRNA  spike protein  LNP  preservative free  30 mcg/0.3mL dose,136.00
2012-07-23T12:07:31Z,d488232e-bf14-4bed-08c0-a82f34b6a197,ce02c71b-87b1-ed63-0a9a-1bf0a7d9f253,140,Influenza  seasonal  injectable  preservative free,136.00
2013-07-29T12:07:31Z,d488232e-bf14-4bed-08c0-a82f34b6a197,e89993ee-3e31-c81c-b790-db094912390b,140,Influenza  seasonal  injectable  preservative free,136.00
2014-07-28T12:07:31Z,d488232e-bf14-4bed-08c0-a82f34b6a197,7256e629-e695-d5a9-4ad4-f63b964b6644,115,Tdap,136.00
2014-07-28T12:07:31Z,d488232e-bf14-4bed-08c0-a82f34b6a197,7256e629-e695-d5a9-4ad4-f63b964b6644,140,Influenza  seasonal  injectable  preservative free,136.00
2014-07-28T12:07:31Z,d488232e-bf14-4bed-08c0-a82f34b6a197,7256e629-e695-d5a9-4ad4-f63b964b6644,62,HPV  quadrivalent,136.00
2014-07-28T12:07:31Z,d488232e-bf14-4bed-08c0-a82f34b6a197,7256e629-e695-d5a9-4ad4-f63b964b6644,114,meningococcal MCV4P,136.00
2015-03-16T12:07:31Z,d488232e-bf14-4bed-08c0-a82f34b6a197,3307db48-2fd2-0312-468f-d0978a77f395,140,Influenza  seasonal  injectable  preservative free,136.00
2015-03-16T12:07:31Z,d488232e-bf14-4bed-08c0-a82f34b6a197,3307db48-2fd2-0312-468f-d0978a77f395,62,HPV  quadrivalent,136.00
2015-03-23T12:07:31Z,d488232e-bf14-4bed-08c0-a82f34b6a197,4481765d-7004-b874-2154-8c86ccd6b56a,62,HPV  quadrivalent,136.00
2016-08-15T12:07:31Z,d488232e-bf14-4bed-08c0-a82f34b6a197,08fd035b-f5bb-105a-1e01-198b0730f421,140,Influenza  seasonal  injectable  preservative free,136.00
2017-06-12T12:07:31Z,d488232e-bf14-4bed-08c0-a82f34b6a197,1f3c68b2-a3b6-bc69-4712-0726e2db77eb,140,Influenza  seasonal  injectable  preservative free,136.00
2018-08-27T12:07:31Z,d488232e-bf14-4bed-08c0-a82f34b6a197,4a6521a1-24bc-6650-c70a-1cb77e766145,140,Influenza  seasonal  injectable  preservative free,136.00
2012-06-03T17:34:32Z,c0219ca9-576f-f7c2-9c44-de030e94969b,baef325c-f593-ac54-d74d-d5c1ea13e330,140,Influenza  seasonal  injectable  preservative free,136.00
2012-06-03T17:34:32Z,c0219ca9-576f-f7c2-9c44-de030e94969b,baef325c-f593-ac54-d74d-d5c1ea13e330,52,Hep A  adult,136.00
2014-06-08T17:34:32Z,c0219ca9-576f-f7c2-9c44-de030e94969b,d75a9c83-956e-ba3d-9a2b-7d38573d27c6,140,Influenza  seasonal  injectable  preservative free,136.00
2014-06-08T17:34:32Z,c0219ca9-576f-f7c2-9c44-de030e94969b,d75a9c83-956e-ba3d-9a2b-7d38573d27c6,113,Td (adult) preservative free,136.00
2014-06-08T17:34:32Z,c0219ca9-576f-f7c2-9c44-de030e94969b,d75a9c83-956e-ba3d-9a2b-7d38573d27c6,52,Hep A  adult,136.00
2016-06-12T17:34:32Z,c0219ca9-576f-f7c2-9c44-de030e94969b,6c0b3989-e4b1-e5ec-85fd-46101a765411,140,Influenza  seasonal  injectable  preservative free,136.00
2012-10-22T02:25:20Z,0288c42c-43a1-9878-4a9d-6b96caa12c40,4a4bc2d9-aaa8-5e24-e62f-b0070d4550f9,140,Influenza  seasonal  injectable  preservative free,136.00
2019-09-02T12:07:31Z,d488232e-bf14-4bed-08c0-a82f34b6a197,c5e03df4-c003-f36d-8f37-752fb5829492,140,Influenza  seasonal  injectable  preservative free,136.00
2019-09-02T12:07:31Z,d488232e-bf14-4bed-08c0-a82f34b6a197,c5e03df4-c003-f36d-8f37-752fb5829492,114,meningococcal MCV4P,136.00
2018-06-24T17:34:32Z,c0219ca9-576f-f7c2-9c44-de030e94969b,d75f9c4a-90e7-9daa-4b26-905a857764fb,140,Influenza  seasonal  injectable  preservative free,136.00
2020-06-28T17:34:32Z,c0219ca9-576f-f7c2-9c44-de030e94969b,2f8b49c5-9f29-2437-5539-e7315faf4c29,140,Influenza  seasonal  injectable  preservative free,136.00
2021-05-16T17:34:32Z,c0219ca9-576f-f7c2-9c44-de030e94969b,ee8d5cd4-e964-f4bd-48ae-408af72f1003,208,SARS-COV-2 (COVID-19) vaccine  mRNA  spike protein  LNP  preservative free  30 mcg/0.3mL dose,136.00
2021-06-06T17:34:32Z,c0219ca9-576f-f7c2-9c44-de030e94969b,5f832602-099e-55a1-6485-563c154855ab,208,SARS-COV-2 (COVID-19) vaccine  mRNA  spike protein  LNP  preservative free  30 mcg/0.3mL dose,136.00
2013-10-28T02:25:20Z,0288c42c-43a1-9878-4a9d-6b96caa12c40,1411f9bf-a6fd-6d67-1e97-6ecdb1070e7e,140,Influenza  seasonal  injectable  preservative free,136.00
2014-11-03T02:25:20Z,0288c42c-43a1-9878-4a9d-6b96caa12c40,eef27817-e858-d045-0514-9cdc8d241193,140,Influenza  seasonal  injectable  preservative free,136.00
2020-09-07T12:07:31Z,d488232e-bf14-4bed-08c0-a82f34b6a197,d1349102-b70a-049a-2a90-21941e1306ec,140,Influenza  seasonal  injectable  preservative free,136.00
2015-11-09T02:25:20Z,0288c42c-43a1-9878-4a9d-6b96caa12c40,a735881c-9683-b4c0-dce1-cee298da82be,140,Influenza  seasonal  injectable  preservative free,136.00
2021-04-19T12:07:31Z,d488232e-bf14-4bed-08c0-a82f34b6a197,e8816fb3-9d2d-45f1-dfcb-e0c248568455,208,SARS-COV-2 (COVID-19) vaccine  mRNA  spike protein  LNP  preservative free  30 mcg/0.3mL dose,136.00
2021-05-10T12:07:31Z,d488232e-bf14-4bed-08c0-a82f34b6a197,55d47d46-f95f-c15d-4731-c07afa09f38f,208,SARS-COV-2 (COVID-19) vaccine  mRNA  spike protein  LNP  preservative free  30 mcg/0.3mL dose,136.00
2016-11-14T02:25:20Z,0288c42c-43a1-9878-4a9d-6b96caa12c40,247ec4bf-85e2-c4e0-1ac1-0078cb8a717d,140,Influenza  seasonal  injectable  preservative free,136.00
2017-11-20T02:25:20Z,0288c42c-43a1-9878-4a9d-6b96caa12c40,8eada147-9196-eb7b-2b29-91328dff6fe3,140,Influenza  seasonal  injectable  preservative free,136.00
2018-11-26T02:25:20Z,0288c42c-43a1-9878-4a9d-6b96caa12c40,6ada0c45-0015-13b1-6627-dda6b2f52aca,140,Influenza  seasonal  injectable  preservative free,136.00
2019-12-02T02:25:20Z,0288c42c-43a1-9878-4a9d-6b96caa12c40,c599a2f6-75b8-a848-6e3b-281917c76e87,140,Influenza  seasonal  injectable  preservative free,136.00
2020-12-07T02:25:20Z,0288c42c-43a1-9878-4a9d-6b96caa12c40,15e374a3-8d13-8058-c956-32ea5676720e,140,Influenza  seasonal  injectable  preservative free,136.00
2020-12-07T02:25:20Z,0288c42c-43a1-9878-4a9d-6b96caa12c40,15e374a3-8d13-8058-c956-32ea5676720e,52,Hep A  adult,136.00
2021-08-30T02:25:20Z,0288c42c-43a1-9878-4a9d-6b96caa12c40,3439fa42-09d1-8647-bee6-b2f495c7e362,208,SARS-COV-2 (COVID-19) vaccine  mRNA  spike protein  LNP  preservative free  30 mcg/0.3mL dose,136.00
2021-09-20T02:25:20Z,0288c42c-43a1-9878-4a9d-6b96caa12c40,39ff45ab-2246-484d-8b54-2c1d0d05c7e1,208,SARS-COV-2 (COVID-19) vaccine  mRNA  spike protein  LNP  preservative free  30 mcg/0.3mL dose,136.00
2021-09-13T12:07:31Z,d488232e-bf14-4bed-08c0-a82f34b6a197,9a1f4869-90de-6b09-f533-8e471a19b648,140,Influenza  seasonal  injectable  preservative free,136.00
2021-12-13T02:25:20Z,0288c42c-43a1-9878-4a9d-6b96caa12c40,e876e0b9-f1a0-0746-1f1b-c672398f9fa4,140,Influenza  seasonal  injectable  preservative free,136.00
2021-12-13T02:25:20Z,0288c42c-43a1-9878-4a9d-6b96caa12c40,e876e0b9-f1a0-0746-1f1b-c672398f9fa4,113,Td (adult) preservative free,136.00
2021-12-13T02:25:20Z,0288c42c-43a1-9878-4a9d-6b96caa12c40,e876e0b9-f1a0-0746-1f1b-c672398f9fa4,52,Hep A  adult,136.00
2012-09-13T08:53:53Z,61a2fcc0-d679-764c-7d86-b885b2c4907f,7e4b4b4b-7b50-394b-7c26-d7579f003404,140,Influenza  seasonal  injectable  preservative free,136.00
2013-09-19T08:53:53Z,61a2fcc0-d679-764c-7d86-b885b2c4907f,bbb4d1a6-d8bb-17ef-fcd3-44cf3f50a780,140,Influenza  seasonal  injectable  preservative free,136.00
2013-09-19T08:53:53Z,61a2fcc0-d679-764c-7d86-b885b2c4907f,bbb4d1a6-d8bb-17ef-fcd3-44cf3f50a780,43,Hep B  adult,136.00
2014-09-25T08:53:53Z,61a2fcc0-d679-764c-7d86-b885b2c4907f,efb9987d-c55d-e13b-4cc9-acb8fe47b335,140,Influenza  seasonal  injectable  preservative free,136.00
2014-09-25T08:53:53Z,61a2fcc0-d679-764c-7d86-b885b2c4907f,efb9987d-c55d-e13b-4cc9-acb8fe47b335,113,Td (adult) preservative free,136.00
2014-09-25T08:53:53Z,61a2fcc0-d679-764c-7d86-b885b2c4907f,efb9987d-c55d-e13b-4cc9-acb8fe47b335,43,Hep B  adult,136.00
2014-09-25T08:53:53Z,61a2fcc0-d679-764c-7d86-b885b2c4907f,efb9987d-c55d-e13b-4cc9-acb8fe47b335,114,meningococcal MCV4P,136.00
2015-10-01T08:53:53Z,61a2fcc0-d679-764c-7d86-b885b2c4907f,84a4567c-f404-1886-01a7-c9702aaa7134,140,Influenza  seasonal  injectable  preservative free,136.00
2015-10-01T08:53:53Z,61a2fcc0-d679-764c-7d86-b885b2c4907f,84a4567c-f404-1886-01a7-c9702aaa7134,43,Hep B  adult,136.00
2016-10-06T08:53:53Z,61a2fcc0-d679-764c-7d86-b885b2c4907f,40f49e30-3e2a-344c-3742-e1005ebfc054,140,Influenza  seasonal  injectable  preservative free,136.00
2017-10-12T08:53:53Z,61a2fcc0-d679-764c-7d86-b885b2c4907f,03065602-606b-cace-8d8f-5f09096f4015,140,Influenza  seasonal  injectable  preservative free,136.00
2018-10-18T08:53:53Z,61a2fcc0-d679-764c-7d86-b885b2c4907f,bc20fe7c-84a4-673a-0475-d18f30a45982,140,Influenza  seasonal  injectable  preservative free,136.00
2019-10-24T08:53:53Z,61a2fcc0-d679-764c-7d86-b885b2c4907f,a1c89171-497f-f5ed-d6a1-fdce8c11732a,140,Influenza  seasonal  injectable  preservative free,136.00
2020-10-29T08:53:53Z,61a2fcc0-d679-764c-7d86-b885b2c4907f,69dcee0b-7e77-4d59-3803-299bd5b7eed9,140,Influenza  seasonal  injectable  preservative free,136.00
2021-11-04T08:53:53Z,61a2fcc0-d679-764c-7d86-b885b2c4907f,6e500710-691d-268b-9564-36c1edc448b2,140,Influenza  seasonal  injectable  preservative free,136.00
